{
    "train_loss": [
        0.40513549300233526,
        0.09129987125818928,
        0.06618977434821427,
        0.055312185004539785,
        0.049195647774698835,
        0.04374210725252827,
        0.03930365658976759,
        0.036388754792076844,
        0.03497366069896767,
        0.03269048738152099,
        0.029220795503770932,
        0.02935773990767387,
        0.027273035553796218,
        0.025623609576397574,
        0.024832210499653593,
        0.02386217448103707,
        0.022015159459412098,
        0.021382637472167457,
        0.02125141152366996,
        0.02031745990572963
    ],
    "train_acc": [
        0.9223666666666667,
        0.9763833333333334,
        0.9820833333333333,
        0.9841166666666666,
        0.9854333333333334,
        0.9875166666666667,
        0.9885333333333334,
        0.9890833333333333,
        0.9895833333333334,
        0.9901166666666666,
        0.9910333333333333,
        0.9908833333333333,
        0.9917,
        0.9926666666666667,
        0.9925333333333334,
        0.9925,
        0.9932833333333333,
        0.9935166666666667,
        0.9935333333333334,
        0.9935
    ],
    "val_loss": [
        0.13947292815446855,
        0.06900628514066338,
        0.07940873322039843,
        0.06740516411960125,
        0.04053891222085804,
        0.04445737255197019,
        0.05212647980023175,
        0.040489363363594745,
        0.031388902061292905,
        0.05123288582041859,
        0.032470176766463556,
        0.025390784378594253,
        0.030554279632191175,
        0.03137765171355568,
        0.029234278377273586,
        0.02152455418757163,
        0.02094638651907444,
        0.02290983826328302,
        0.021451520255499054,
        0.0348197558733169
    ],
    "val_acc": [
        0.9607,
        0.9809,
        0.9749,
        0.9777,
        0.9878,
        0.9852,
        0.9844,
        0.9867,
        0.9894,
        0.9835,
        0.9898,
        0.9923,
        0.9893,
        0.9903,
        0.9915,
        0.9928,
        0.9927,
        0.9918,
        0.9934,
        0.9891
    ]
}