{
    "train_loss": [
        0.27746393847614526,
        0.1268021253315111,
        0.09872795389046271,
        0.08217772173912574,
        0.06910722384272765,
        0.06143879051509624,
        0.057043803319955864,
        0.049102020181591315,
        0.047362958816252645,
        0.04035026682343645,
        0.03761603701239607,
        0.03447322034592896,
        0.03336904617698553,
        0.02834224279432868,
        0.028700554570121068,
        0.024948525878069148,
        0.024823485248035286,
        0.023592843341381134,
        0.021467510610768417,
        0.021016348940923732
    ],
    "train_acc": [
        0.9230666666666667,
        0.9606833333333333,
        0.9683833333333334,
        0.9739666666666666,
        0.978,
        0.9801333333333333,
        0.98165,
        0.9837333333333333,
        0.9843333333333333,
        0.9865166666666667,
        0.9875333333333334,
        0.9884666666666667,
        0.9889166666666667,
        0.9907666666666667,
        0.9907666666666667,
        0.99185,
        0.9919166666666667,
        0.9922,
        0.9924333333333333,
        0.9930333333333333
    ],
    "val_loss": [
        0.1135625784188509,
        0.09357357165217399,
        0.08118534240070731,
        0.07287544427025132,
        0.07163024092407431,
        0.07394496556217782,
        0.07316470523425378,
        0.06706035987583454,
        0.0690502114830364,
        0.0716223665325204,
        0.06984321001113276,
        0.06981592157554115,
        0.06869234064684134,
        0.07690133038158528,
        0.07112685585778382,
        0.06959183933101304,
        0.0695323295285285,
        0.06948745350551618,
        0.06588697521790308,
        0.07495544626542978
    ],
    "val_acc": [
        0.9668,
        0.9716,
        0.9742,
        0.9766,
        0.9782,
        0.9779,
        0.9766,
        0.9797,
        0.9794,
        0.979,
        0.9797,
        0.9792,
        0.9818,
        0.9788,
        0.9797,
        0.9809,
        0.9803,
        0.9797,
        0.9821,
        0.9798
    ]
}